currentValue,tokenAddr,decimals
COSS,0x65292eeadf1426cd2df1c4793a3d7519f253913b,18
VERI,0x8f3470a7388c05ee4e7af3d01d8c722b0ff52374,18
TRX,0xf230b790e05390fc8295f4d3f60332c93bed42e2,6
KIN,0x818fc6c2ec5986bc6e2cbf00939d90556ab12ce5,18
AVT,0x0d88ed6e74bbfd96b831231638b66c05571e824f,18
MTH,0xaf4dce16da2877f8c9e00544c93b62ac40631f16,5
MDA,0x51db5ad35c671a87207d88fc11d593ac0c8415bd,18
EBTC,0x2fd41f516fac94ed08e156f489f56ca3a80b04d0,8
OMG,0xd26114cd6ee289accf82350c8d8487fedb8a0c07,18
CTR,0x96a65609a7b84e8842732deb08f56c3e21ac6f8a,18
VIBE,0xe8ff5c9c75deb346acac493c463c8950be03dfba,18
KICK,0x27695e09149adc738a978e9a678f99e4c39e9eb9,8
CTC,0x52514e3acaeb06cab050a69b025083082ebe5b54,4
PAY,0xb97048628db6b661d4c2aa833e95dbe1a905b280,18
PIX,0x8effd494eb698cc399af6231fccd39e08fd20b15,0
WTT,0x84119cb33e8f590d75c2d6ea4e6b0741a7494eda,0
XRL,0xb24754be79281553dc1adc160ddf5cd9b74361a4,9
ZRX,0xe41d2489571d322189246dafa5ebde1f4699f498,18
BMC,0xdf6ef343350780bf8c3410bf062e0c015b1dd671,8
POE,0x0e0989b1f9b8a38983c2ba8053269ca62ec9b195,8
RVT,0x3d1ba9be9f66b8ee101911bc36d3fb562eac2244,18
SCL,0xd7631787b4dcc87b1254cfd1e5ce48e96823dee8,8
IXT,0xfca47962d45adfdfd1ab2d972315db4ce7ccf094,8
AE,0x5ca9a71b1d01849c0a95490cc00559717fcf0d1d,18
SONM,0x983f6d60db79ea8ca4eb9968c6aff8cfa04b3c63,18
ELIX,0xc8c6a31a4a806d3710a7b38b7b296d2fabccdba8,18
CCT,0x336f646f87d9f6bc6ed42dd46e8b3fd9dbd15c22,18
ALIS,0xea610b1153477720748dc13ed378003941d84fab,18
BQX,0x5af2be193a6abca9c8817001f45744777db30756,8
PRO,0x226bb599a12c826476e3a771454697ea52e9e220,8
IND,0xf8e386eda857484f5a12e4b5daa9984e06e73705,18
NTC,0x8d5a69dc82a47594881256f2eef81770274fa30f,18
WOLK,0x728781e75735dc0962df3a51d7ef47e798a7107e,18
EBET,0x7d5edcd23daa3fb94317d32ae253ee1af08ba14d,2
MBRS,0x386467f1f3ddbe832448650418311a479eecfc57,0
BAT,0x0d8775f648430679a709e98d2b0cb6250d2887ef,18
ETBS,0x1b9743f556d65e757c4c650b4555baf354cb8bd3,12
PLBT,0x0affa06e7fbe5bc9a764c979aa66e8256a631f02,6
INXT,0xa8006c4ca56f24d6836727d106349320db7fef82,8
CVC,0x41e5560054824ea6b0732e656e3ad64e20e94e45,8
HVN,0xc0eb85285d83217cd7c891702bcbc0fc401e2d9d,8
DTC,0xeb9c0138d8ac10dd659640a4cc3d135c58b17b1b,2
MCI,0x138a8752093f4f9a79aaedf48d4b9248fab93c9c,18
HBT,0xdd6c68bb32462e01705011a4e2ad1a60740f217f,15
TGT,0xac3da587eac229c9896d919abc235ca4fd7f72c1,1
LUN,0xfa05a73ffe78ef8f1a739473e462c54bae6567d9,18
WIC,0x5e4abe6419650ca839ce5bb7db422b881a6064bb,18
PTOY,0x8ae4bf2c33a8e667de34b54938b0ccd03eb8cc06,8
FC,0xe6923e9b56db1eed1c9f430ea761da7565e260fe,2
WINGS,0x667088b212ce3d06a1b553a7221e1fd19000d9af,18
CNX,0x94d6b4fb35fb08cb34aa716ab40049ec88002079,8
SIFT,0x8a187d5285d316bcbc9adafc08b51d70a0d8e000,0
ATM,0x9b11efcaaa1890f6ee52c6bb7cf8153ac5d74139,8
SKIN,0x2bdc0d42996017fce214b21607a515da41a9e0c5,6
ATS,0x2daee1aa61d60a252dc80564499a69802853583a,4
POW,0xeb2da9fac54284cea731d1f10bb34eecb3c00c14,18
LNK,0xe2e6d4be086c6938b53b22144855eef674281639,18
oneK,0xb23be73573bc7e03db6e5dfc62405368716d28a8,18
SWT,0xb9e7f8568e08d5659f5d29c4997173d84cdf2607,18
UMC,0x190fb342aa6a15eb82903323ae78066ff8616746,6
ETH,0x0000000000000000000000000000000000000000,undefined
DGD,0xe0b7927c4af23765cb51314a0e0521a9645f0e2a,9
MTL,0xf433089366899d83a9f26a773d59ec7ecf30355e,8
DEL,0x02b9806a64cb05f02aa8dcc1c178b88159a61304,18
BCAP,0xff3519eeeea3e76f1f699ccce5e23ee0bdda41ac,0
RLX,0x4a42d2c580f83dce404acad18dab26db11a1750e,18
FLIP,0xc997d07b0bc607b6d1bcb6fb9d4a5579c466c3e5,0
FNL,0x4c5601164e2048a4154de91fa5e0b07e626cab7f,3
DDF,0xcc4ef9eeaf656ac1a2ab886743e98e97e090ed38,18
STORJ,0xb64ef51c888972c908cfacf59b47c1afbc0ab8ac,8
YESTERDAY,0x7268f9c2bc9c9e65b4a16888cb5672531ce8e945,18
JET,0x8727c112c712c4a03371ac87a74dd6ab104af768,18
BRAT,0x9e77d5a1251b6f7d456722a6eac6d2d5980bd891,8
AMIS,0x949bed886c739f1a3273629b3320db0c5024c719,9
BNT,0x1f573d6fb3f13d689ff844b4ce37794d79a7ff1c,18
FRD,0x0abefb7611cb3a01ea3fad85f33c3c934f8e2cf4,18
VSMOLD,0x82665764ea0b58157e1e5e9bab32f68c76ec0cdf,0
SAN,0x7c5a0ce9267ed19b22f8cae653f198e3e8daf098,18
FAP,0x6467882316dc6e206feef05fba6deaa69277f155,18
TRST,0xcb94be6f13a1182e4a4b6140cb7bf2025d28e41b,6
SHT,0x1bb9e8ea817d56eccc212ce63f7da95298f98719,2
Lottereum,0x4bf215086c05c0384bdf3731bdb2b37799e9bb5b,0
POS,0xee609fe292128cad03b786dbb9bc2634ccdbe7fc,18
GXC,0x58ca3065c0f24c7c96aee8d6056b5b5decf9c2f8,10
LDM,0x28a40acf39b1d3c932f42dd8068ad00a5ad6448f,18
BLX,0xe5a7c12972f3bbfe70ed29521c8949b8af6a0970,18
RPL,0xb4efd85c19999d84251304bda99e90b92300bd93,18
GraphGrailAi Token,0xf207ccfe6d1b90b0b7817ce2d5d262af1514e37b,18
0x082e,0x082e13494f12ebb7206fbf67e22a6e1975a1a669,8
PLR,0xe3818504c1b32bf1557b16c238b2e01fd3149c17,18
EDT,0xce53a179047ebed80261689367c093c90a94cc08,8
RHOC,0x168296bb09e24a88805cb9c33356536b980d3fc5,8
0x12b3,0x12b306fa98f4cbb8d4457fdff3a0a0a56f07ccdf,18
0x8eb2,0x8eb24319393716668d768dcec29356ae9cffe285,8
0xe25b,0xe25bcec5d3801ce3a794079bf94adf1b8ccd802d,18
0x3a12,0x3a1237d38d0fb94513f85d61679cad7f38507242,18
MLN,0xbeb9ef514a379b997e0798fdcc901ee474b6d9a1,18
0xaa7a,0xaa7a9ca87d3694b5755f213b5d04094b8d0f0a6f,18
BLUE,0x539efe69bcdd21a83efd9122571a64cc25e0282b,8
0x382a,0x382a71ecb288da8701428406a36ffa5d8f072d55,0
PFR,0x2fa32a39fc1c399e0cc7b2935868f5165de7ce97,8
0x5ecd,0x5ecd84482176db90bb741ddc8c2f9ccc290e29ce,6
0x4d8f,0x4d8fc1453a0f359e99c9675954e656d80d996fbf,18
PKT,0x2604fa406be957e542beb89e6754fcde6815e83f,18
0x2c82,0x2c82c73d5b34aa015989462b2948cd616a37641f,18
ANT,0x960b236a07cf122663c4303350609a66a7b288c0,18
DRGN,0x419c4db4b9e25d6db2ad9691ccb832c8d9fda05e,18
0xc72f,0xc72fe8e3dd5bef0f9f31f259399f301272ef2a2d,18
ACC,0x13f1b7fdfbe1fc66676d56483e21b1ecb40b58e2,18
GRID,0x12b19d3e2ccc14da04fae33e63652ce469b3f2fd,12
0x4524,0x45245bc59219eeaaf6cd3f382e078a461ff9de7b,18
ASTRO,0x7b22938ca841aa392c93dbb7f4c42178e3d65e88,4
SPANK,0x42d6622dece394b54999fbd73d108123806f6a18,18
0xef24,0xef2463099360a085f1f10b076ed72ef625497a06,18
CRED,0x672a1ad4f667fb18a333af13667aa0af1f5b5bdd,18
0x71d0,0x71d01db8d6a2fbea7f8d434599c237980c234e4c,8
0x408e,0x408e41876cccdc0f92210600ef50372656052a38,18
0x8a85,0x8a854288a5976036a725879164ca3e91d30c6a1b,18
ATL,0x78b7fada55a64dd895d8c8c35779dd8b67fa8a05,18
0x85e0,0x85e076361cc813a908ff672f9bad1541474402b2,2
0x80a7,0x80a7e048f37a50500351c204cb407766fa3bae7f,18
0x3f5b,0x3f5bc4fc79b5f8b93ff4814cd9f9a281893d50c9,1
PRFT,0xc5cea8292e514405967d958c2325106f2f48da77,18
0x9231,0x923108a439c4e8c2315c4f6521e5ce95b44e9b4c,18
0xc27a,0xc27a2f05fa577a83ba0fdb4c38443c0718356501,18
EXRN,0xe469c4473af82217b30cf17b10bcdb6c8c796e75,0
DNA,0x82b0e50478eeafde392d45d1259ed1071b6fda81,18
0xb6ed,0xb6ed7644c69416d67b522e20bc294a9a9b405b31,8
EOS,0x86fa049857e0209aa7d9e616f7eb3b3b78ecfdb0,18
0xb41b,0xb41b531359330d76bbcb0f1a24f94ff6bff30dc1,2
MOD,0x957c30ab0426e0c93cd8241e2c60392d08c6ac8e,0
0x275b,0x275b69aa7c8c1d648a0557656bce1c286e69a29d,8
0x7631,0x763186eb8d4856d536ed4478302971214febc6a9,18
0x92a5,0x92a5b04d0ed5d94d7a193d1d334d3d16996f4e13,18
0x0d26,0x0d262e5dc4a06a0f1c90ce79c7a60c09dfc884e4,8
0x75c5,0x75c5ee419331b6150879530d06f9ba054755f1da,18
0x4092,0x4092678e4e78230f46a1534c0fbc8fa39780892b,18
0x107c,0x107c4504cd79c5d2696ea0030a8dd4e92601b82e,18
TCASH,0xb8742486c723793cf5162bb5d3425ed9cd73d049,8
SER,0xb561fef0d624c0826ff869946f6076b7c4f2ba42,7
POWR,0x595832f8fc6bf59c85c527fec3740a1b7a361269,6
0x2c32,0x2c3243ef62d1ce837e74dae0a4d2b622f48906bf,18
CAT,0x56ba2ee7890461f463f7be02aac3099f6d5811a8,18
VEN,0xd850942ef8811f2a866692a623011bde52a462c1,18
0x5f53,0x5f53f7a8075614b699baad0bc2c899f4bad8fbbf,18
KNC,0xdd974d5c2e2928dea5f71b9825b8b646686bd200,18
0xe2fb,0xe2fb6529ef566a080e6d23de0bd351311087d567,18
ENG,0xf0ee6b27b759c9893ce4f094b49ad28fd15a23e4,8
0x26e7,0x26e75307fc0c021472feb8f727839531f112f317,18
TRIA,0x3293cc907fde439b39aedaf1b982785adaff186b,10
0xd092,0xd0929d411954c47438dc1d871dd6081f5c5e149c,4
SMART,0x6f6deb5db0c4994a8283a01d6cfeeb27fc3bbe9c,0
0x89d2,0x89d24a6b4ccb1b6faa2625fe562bdd9a23260359,18
PRL,0x1844b21593262668b7248d0f57a220caaba46ab9,18
OPT,0x4355fc160f74328f9b383df2ec589bb3dfd82ba0,18
DGPT,0xf6cfe53d6febaeea051f400ff5fc14f0cbbdaca1,18
0x40ca,0x40caa728bb4bafa56f38a58623a12fbe6c90209d,0
WISH,0x1b22c32cd936cb97c28c5690a0695a82abf688e6,18
B2B,0x5d51fcced3114a8bb5e90cdd0f9d682bcbcc5393,18
GVT,0x103c3a209da59d3e7c4a89307e66521e081cfdf0,18
0x70a7,0x70a72833d6bf7f508c8224ce59ea1ef3d0ea3a38,18
0xcc13,0xcc13fc627effd6e35d2d2706ea3c4d7396c610ea,8
0x25c8,0x25c8ca98fe9d59ceef5e0175abae40d4caa60af9,18
0xb533,0xb5335e24d0ab29c190ab8c2b459238da1153ceba,4
QSP,0x99ea4db9ee77acd40b119bd1dc4e33e1c070b80d,18
HST,0x554c20b7c486beee439277b4540a434566dc4c02,18
0x24dd,0x24ddff6d8b8a42d835af3b440de91f3386554aa4,18
0xc757,0xc7579bb99af590ec71c316e1ac4436c535039594,18
KEY,0x4cd988afbad37289baaf53c13e98e2bd46aaea8c,18
0x2c4e,0x2c4e8f2d746113d0696ce89b35f0d8bf88e0aeca,18
ART,0xfec0cf7fe078a500abf15f1284958f22049c2c7e,18
0x8098,0x809826cceab68c387726af962713b64cb5cb3cca,18
CSNO,0x29d75277ac7f0335b2165d0895e8725cbf658d73,8
0x7747,0x7747aeb32d89e527e5ebbf646871ca79805989ad,8
JS,0x5046e860ff274fb8c66106b0ffb8155849fb0787,8
0x5b2e,0x5b2e4a700dfbc560061e957edec8f6eeeb74a320,10
0x0560,0x056017c55ae7ae32d12aef7c679df83a85ca75ff,18
0xc438,0xc438b4c0dfbb1593be6dee03bbd1a84bb3aa6213,8
0x7501,0x7501a4f0b6fcf5ab8d682a57e668214edc3d3ea4,8
EETHER,0x00a0cbe98e4d110b0fa82646152d77babf2951d0,18
WRC,0x72adadb447784dd7ab1f472467750fc485e4cb2d,6
LGR,0x2eb86e8fc520e0f6bb5d9af08f924fe70558ab89,8
DOM,0x30aee7f259d6d1564ebef457847c672b30f13cbc,0
H2O,0xfeed1a53bd53ffe453d265fc6e70dd85f8e993b6,18
0x009e,0x009e864923b49263c7f10d19b7f8ab7a9a5aad33,18
LA,0xe50365f5d679cb98a1dd62d6f6e58e59321bcddf,18
CTT,0xe3fa177acecfb86721cf6f9f4206bd3bd672d7d5,18
SNOV,0xbdc5bac39dbe132b1e030e898ae3830017d7d969,18
0x3839,0x3839d8ba312751aa0248fed6a8bacb84308e20ed,18
TNT,0x08f5a9235b08173b7569f83645d2c7fb55e8ccd8,8
SMT,0x82d193f8ee41d12aaa0a85cb006606d67f773e9c,1
ARTE,0x5f6e7fb7fe92ea7822472bb0e8f1be60d6a4ea50,18
0x9af2,0x9af2c6b1a28d3d6bc084bd267f70e90d49741d5b,8
0xd035,0xd0352a019e9ab9d757776f532377aaebd36fd541,18
0xae73,0xae73b38d1c9a8b274127ec30160a4927c4d71824,18
0xbd35,0xbd35aefa375b57a801ddc87615aef1e9f353df28,18
FUEL,0xea38eaa3c86c8f9b751533ba2e562deb9acded40,18
0xc509,0xc50948bac01116f246259070ea6084c04649efdf,6
0xd2d6,0xd2d6158683aee4cc838067727209a0aaf4359de3,18
TOV,0xaa26b73bfdc80b5c7d2cfbfc30930038fb7fa657,0
DNT,0x0abdace70d3790235af448c88547603b945604ea,18
ADT,0xd0d6d6c5fe4a677d343cc433536bb717bae167dd,9
0xfb2f,0xfb2f26f266fb2805a387230f2aa0a331b4d96fba,18
0x95da,0x95daaab98046846bf4b2853e23cba236fa394a31,8
ARCT,0x1245ef80f4d9e02ed9425375e8f649b9221b31d8,8
RCC,0x9b6443b0fb9c241a7fdac375595cea13e6b7807a,18
0xf447,0xf44745fbd41f6a1ba151df190db0564c5fcc4410,18
LOC,0x5e3346444010135322268a4630d2ed5f8d09446c,18
INT,0x0b76544f6c413a555f309bf76260d1e02377c02a,6
ICOS,0x014b50466590340d41307cc54dcee990c8d58aa8,6
0x5bc7,0x5bc7e5f0ab8b2e10d2d0a3f21739fce62459aef3,18
BTCE,0x0886949c1b8c412860c4264ceb8083d1365e86cf,8
0xfd46,0xfd46e531a749f1c81fbc841e2e0db399341b537a,18
0x4cc1,0x4cc19356f2d37338b9802aa8e8fc58b0373296e7,18
0x54a3,0x54a3f499f3e9ec22cbdec21bd38619561475da75,18
NEOG,0x449574c69f3a658794829ed81639a7a9ece041e1,0
0x876f,0x876fd7048d975518529a342b0e496653e2003d2c,2
DOVU,0xac3211a5025414af2866ff09c23fc18bc97e79b1,18
0x6a09,0x6a09e1b7cc5cb52ffdfc585a8df51ced7063915c,18
QVT,0x1183f92a5624d68e85ffb9170f16bf0443b4c242,18
CFI,0x12fef5e57bf45873cd9b62e9dbd7bfb99e32d73e,18
0x3eb2,0x3eb21f4678b352fcd8facf06b642c6720e04961b,18
EGAS,0xb53a96bcbdd9cf78dff20bab6c2be7baec8f00f8,8
0x5b07,0x5b0751713b2527d7f002c0c4e2a37e1219610a6b,18
XNN,0xab95e915c123fded5bdfb6325e35ef5515f1ea69,18
PLY,0xfb41f7b63c8e84f4ba1ecd4d393fd9daa5d14d61,18
PLU,0xd8912c10681d8b21fd3742244f44658dba12264e,18
SUB,0x12480e24eb5bec1a9d4369cab6a80cad3c0a377a,2
0x308c,0x308cdde4e47022a12912e5e7179c47e550d2d25a,18
0xcf76,0xcf76f32ebe10139e4370127d5789cdb0750d460d,8
DLT,0x07e3c70653548b04f0a75970c1f81b4cbbfb606f,18
LEND,0x80fb784b7ed66730e8b1dbd9820afd29931aab03,18
UFR,0xea097a2b1db00627b2fa17460ad260c016016977,18
CREDO,0x4e0603e2a27a30480e5e3a4fe548e29ef12f64be,18
0x2baa,0x2baac9330cf9ac479d819195794d79ad0c7616e3,18
BITC,0xe0c21b3f45fea3e5fdc811021fb1f8842caccad2,0
0x78b0,0x78b039921e84e726eb72e7b1212bb35504c645ca,18
BTCRED,0x6aac8cb9861e42bf8259f5abdc6ae3ae89909e11,8
0x0778,0x0778cc2e8bbad3d483e82371606d100cc8604522,8
0x0235,0x0235fe624e044a05eed7a43e16e3083bc8a4287a,18
NET,0xcfb98637bcae43c13323eaa1731ced2b716962fd,18
0xfae4,0xfae4ee59cdd86e3be9e8b90b53aa866327d7c090,18
FLLW,0xa25d01d15fc0e3cdede1bebee4124394aae0db33,18
MINT,0xea642206310400cda4c1c5b8e7945314aa96b8a7,18
0x4162,0x4162178b78d6985480a308b2190ee5517460406d,18
0x2ae9,0x2ae965cd3d2b6d186e87d9586fc3bdbfc667cacc,18
BCDC,0xb4c55b5a1faf5323e59842171c2492773a3783dd,18
TFL,0xa7f976c360ebbed4465c2855684d1aae5271efa9,8
BET,0x8aa33a7899fcc8ea5fbe6a608a109c3893a1b8b2,18
KRT,0x5783862cef49094be4de1fe31280b2e33cf87416,4
0x4507,0x450711d5da9f7cadb0e4d3472be550328b37bdda,4
BTHE,0xfad572db566e5234ac9fc3d570c4edc0050eaa92,18
0x4960,0x4960a0db832c3bb503f3da59a274d9385e0ade5a,18
SGG,0xe2f45f1660dc99daf3bd06f637ab1e4debc15bde,6
ZCG,0x180e5087935a94fd5bbab00fd2249c5be0473381,8
0xc9be,0xc9be9f75df438df3ef40e4bab816bf30e3f14b50,0
SNIP,0x44f588aeeb8c44471439d1270b3603c66a9262f1,18
CTX,0x662abcad0b7f345ab7ffb1b1fbb9df7894f18e66,18
LTG,0x0879e0c9822b75f31f0b0ed2a30be9f484a57c2f,0
BLN,0x7b1309c1522afd4e66c31e1e6d0ec1319e1eba5e,18
RBM,0xa5d1e58ece1fc438d64e65769d2ab730143a4caf,18
0x0544,0x0544fe50c052e3739b510067fc03b402e3053559,3
DICE,0x2e071d2966aa7d8decb1005885ba1977d6038a65,16
MCAP,0x93e682107d1e9defb0b5ee701c71707a4b2e46bc,8
0x69be,0x69beab403438253f13b6e92db91f7fb849258263,18
0x1063,0x1063ce524265d5a3a624f4914acd573dd89ce988,18
NEU,0xa823e6722006afe99e91c30ff5295052fe6b8e32,18
0x75aa,0x75aa7b0d02532f3833b66c7f0ad35376d373ddf8,18
NULS,0xb91318f35bdb262e9423bc7c7c2a3a93dd93c92c,18
0x80bc,0x80bc5512561c7f85a3a9508c7df7901b370fa1df,18
MNTP,0x83cee9e086a77e492ee0bb93c2b0437ad6fdeccc,18
0x1234,0x1234567461d3f8db7496581774bd869c83d51c93,18
CLASSY,0x30cc0e266cf33b8eac6a99cbd98e39b890cfd69b,16
0x84a8,0x84a8222618acd4ac60547b6e89cc2c72a12a49dd,18
0xe29c,0xe29c5b523590165795bbd7d52369c2895b18841f,18
0xa87c,0xa87c3ec87eb802aad080df0adb331e504d327e5d,18
VSL,0x5c543e7ae0a1104f78406c340e9c64fd9fce5170,18
0xfd6d,0xfd6d57b5ebdcc70b3196592b33cbe0b7149e5a27,5
B2X,0x9c9891f7795eb127ba4783b671573275ff3a83a9,8
0xbd4b,0xbd4b60a138b3fce3584ea01f50c0908c18f9677a,8
ASTR,0x80e7a4d750ade616da896c49049b7ede9e04c191,4
0x18ca,0x18cabd1e7db6c52406719cb72859ea2c2eea75d6,18
SNGLS,0xaec2e87e0a235266d9c5adc9deb4b2e29b54d009,0
STCN,0x420c42ce1370c0ec3ca87d9be64a7002e78e6709,0
XSC,0x0f513ffb4926ff82d7f60a05069047aca295c413,18
0xd8e6,0xd8e64769bb02136564737a4ecc712083b473db86,2
0x7f58,0x7f585b9130c64e9e9f470b618a7badd03d79ca7e,18
GEN,0x9dfe4643c04078a46803edcc30a3291b76d4c20c,18
NXXOLD,0x5c6183d10a00cd747a6dbb5f658ad514383e9419,8
EREAL,0x15f173b7aca7cd4a01d6f8360e65fb4491d270c1,18
0xbf21,0xbf2179859fc6d5bee9bf9158632dc51678a4100e,18
0x5acd,0x5acd19b9c91e596b1f062f18e3d02da7ed8d1e50,8
0x059e,0x059e3ead0a5675e4139c820d799e20be9c75bc3d,8
0x70b1,0x70b147e01e9285e7ce68b9ba437fe3a9190e756a,18
0x1d7c,0x1d7c47977e8917e60f8075a3846a360887775e12,18
0x4270,0x4270bb238f6dd8b1c3ca01f96ca65b2647c06d3c,18
0x4555,0x45555629aabfea138ead1c1e5f2ac3cce2add830,8
STX,0x006bea43baa3f7a6f765f14f10a1a1b08334ef45,18
0x5824,0x5824f275dab2c59b8972a1fda45ff404c9a703e3,18
0x983f,0x983f7cc12d0b5d512b0f91f51a4aa478ac4def46,0
0xe8b9,0xe8b9fdcea1a2ee0e340b3072d6c5b85dc99f470e,18
WAND,0x27f610bf36eca0939093343ac28b1534a721dbb4,18
0xf3dd,0xf3dd3acf1662a564e15d7569fd80c105596e8846,8
CFD,0x14839bf22810f09fb163af69bd21bd5476f445cd,18
0xffc6,0xffc63b9146967a1ba33066fb057ee3722221acf0,18
0xf382,0xf382ccbd3d203c10706059ffdcfe053308955792,18
0x24f4,0x24f4f266fbd133db5b4c6906df292506b695bee5,18
ITS,0xfd784da5c740c617aafb80399fa81b86e1da99a5,8
0xac2b,0xac2bd14654bbf22f9d8f20c7b3a70e376d3436b4,8
0x2f9b,0x2f9b6779c37df5707249eeb3734bbfc94763fbe2,18
0x5e6b,0x5e6b6d9abad9093fdc861ea1600eba1b355cd940,18
0xd9a7,0xd9a72fec8683db0666769d841d6d127f350b4418,18
ECN,0xa578acc0cb7875781b7880903f4594d13cfa8b98,2
0x633a,0x633a8f8e557702039463f9f2eb20b7936fff8c05,18
0x929c,0x929c667287efcce4c1d0d8ad1ebf44a277d8c067,18
0xfa6f,0xfa6f7881e52fdf912c4a285d78a3141b089ce859,18
0xd780,0xd780ae2bf04cd96e577d3d014762f831d97129d0,18
NXX,0x7627de4b93263a6a7570b8dafa64bae812e5c394,8
0x3833,0x3833dda0aeb6947b98ce454d89366cba8cc55528,18
SND,0xf333b2ace992ac2bbd8798bf57bc65a06184afba,0
0xf3db,0xf3db7560e820834658b590c96234c333cd3d5e5e,18
0x6425,0x6425c6be902d692ae2db752b3c268afadb099d3b,18
EBTC,0xeb7c20027172e5d143fb030d50f91cece2d1485d,8
DAY,0xe814aee960a85208c3db542c53e7d4a6c8d5f60f,18
EXMR,0xc98e0639c6d2ec037a615341c369666b110e80e5,8
WTC,0xb7cb1c96db6b22b0d3d9536e0108d062bd488f74,18
SALT,0x4156d3342d5c385a87d264f90653733592000581,8
WILD,0xd3c00772b24d997a812249ca637a921e81357701,18
ETHG,0xae258d5322b59d64df9eb483e3b1733332c3b66c,8
0xd0a4,0xd0a4b8946cb52f0661273bfbc6fd0e0c75fc6433,18
0x4203,0x420335d3deef2d5b87524ff9d0fb441f71ea621f,18
0x39bb,0x39bb259f66e1c59d5abef88375979b4d20d98022,8
0x3276,0x327682779bab2bf4d1337e8974ab9de8275a7ca8,18
0x0784,0x0784dbabb6c6834bddfb7cfee116ba049e5dafab,18
0x47dd,0x47dd62d4d075dead71d0e00299fc56a2d747bebb,18
0x5d65,0x5d65d971895edc438f465c17db6992698a52318d,18
PNY,0xd317ff47dc7e1423e5e050870a66332833e5fd88,18
ROC,0x1bcbc54166f6ba149934870b60506199b6c9db6d,10
SNC,0xf4134146af2d511dd5ea8cdb1c4ac88c57d60404,18
ONG,0xd341d1680eeee3255b8c4c75bcce7eb57f144dae,18
0xdfe7,0xdfe7351c291bc0e49079c62212587244e1c666ba,18
YEL,0x8633e144f2d9b9b8bdd12ddb58e4bef1e163a0ce,18
0xf1f6,0xf1f64f6b8e17dd68c1db10b0eed3d2541a6c09ab,8
WET,0x0f9b1d1d39118480cf8b9575419ea4e5189c88dd,18
MTP,0xdab5dfa0966c3435da991b39d205c3ba1c64fe31,1
BCO,0x865d176351f287fe1b0010805b110d08699c200a,8
FUDD,0xde39e5e5a1b0eeb3afe717d6d011cae88d19451e,8
ELTCOIN,0x44197a4c44d6a059297caf6be4f7e172bd56caaf,8
0x1961,0x1961b3331969ed52770751fc718ef530838b6dee,18
B2XOLD,0x6e58b4c41cab75dc0239938bf5455ab8823ee4de,8
BOPTOLD,0x9cb9eb4bb7800bdbb017be2a4ffbeccb67454ea9,8
0x54f3,0x54f36e77be58f73948d72a87541854f61bc07ac4,18
SXUOLD,0xaadb05f449072d275833baf7c82e8fca4ee46575,6
0x2625,0x26253cf8166b2ab51b886835a8f05e8f76b40ae2,9
PLC,0x0835ecd15ddf08d4786304d71b4672dc5c40f011,18
EVC,0xb62d18dea74045e822352ce4b3ee77319dc5ff2f,18
0x0ff1,0x0ff161071e627a0e6de138105c73970f86ca7922,18
0xda6c,0xda6cb58a0d0c01610a29c5a65c303e13e885887c,18
ABS,0x8ce9411df545d6b51a9bc52a89e0f6d1b54a06dd,0
PPT2,0x2469f31a34fcaac0debf73806ce39b2388874b13,18
0x5592,0x559201fa75902cdc4055e40f0c90e3d702049987,18
NEWB,0x814964b1bceaf24e26296d031eadf134a2ca4105,0
TIE,0x999967e2ec8a74b7c8e9db19e039d920b31d39d0,18
0x81c9,0x81c9151de0c8bafcd325a57e3db5a5df1cebf79c,18
0xf2ea,0xf2eab3a2034d3f6b63734d2e08262040e3ff7b48,18
0x6ba4,0x6ba460ab75cd2c56343b3517ffeba60748654d26,8
0x41db,0x41dbecc1cdc5517c6f76f6a6e836adbee2754de3,18
EDOGE,0x8a7b7b9b2f7d0c63f66171721339705a6188a7d5,18
0xfbd0,0xfbd0d1c77b501796a35d86cf91d65d9778eee695,3
EAGLE,0x994f0dffdbae0bbf09b652d6f11a493fd33f42b9,18
0xeee2,0xeee2d00eb7deb8dd6924187f5aa3496b7d06e62a,18
0x4aac,0x4aac461c86abfa71e9d00d9a2cde8d74e4e1aeea,18
0x9a00,0x9a005c9a89bd72a4bd27721e7a09a3c11d2b03c4,18
0x360d,0x360d2a5a9fc457f084b1379056a1a36d4bf57546,8
CCO,0x679badc551626e01b23ceecefbc9b877ea18fc46,18
0x584b,0x584b44853680ee34a0f337b712a8f66d816df151,18
0xdd16,0xdd16ec0f66e54d453e6756713e533355989040e4,18
GREED,0xbc9395973bd35a3b4bd924f050d2778c07506ecb,18
LEV,0x0f4ca92660efad97a9a70cb0fe969c755439772c,9
0x9898,0x989812ae9cb5536048376e6982d120942ae5dcda,18
0xc5bb,0xc5bbae50781be1669306b9e001eff57a2957b09d,5
0xb685,0xb68578a9f447d865d02276435c2ea5c5f5c57fc7,8
BTC2X,0x15ef5b9447710eab904e63e6233ff540400d603f,8
ELTC2,0x7e9d62e1ff4e34096f91ee0153222ab81f7184f0,8
ZSC,0x7a41e0517a5eca4fdbc7fbeba4d4c47b9ff6dc63,18
WETOLD,0x76195ffd0cfedf68625b3e5b64c7bd904eeb9d6c,18
DRT,0x9af4f26941677c706cfecf6d3379ff01bb85d5ab,8
0x1ec1,0x1ec10eab27b76968cd8b854914cc6eb9f886ce27,8
0x2ee6,0x2ee6d1a3ba4e80a61bdfb48a90d40a5cef455326,8
BAS,0x2a05d22db079bc40c2f77a1d1ff703a56e631cc1,8
SHNZ,0x8b0c9f462c239c963d8760105cbc935c63d85680,8
0xb832,0xb8327f32127afe37a544c52b628653e222a93bad,18
0x0fcf,0x0fcf5c6b20577d48ba209e077975b9f2eac55798,5
0x3e01,0x3e01b9ea9db8f17ab1825d848b2f2e04f57caf09,18
0x2eb4,0x2eb43a32a1759a07cfb7b42458accd3350b416a9,18
0x46b9,0x46b9ad944d1059450da1163511069c718f699d31,6
0xd4cf,0xd4cffeef10f60eca581b5e1146b5aca4194a4c3b,18
0xca0e,0xca0e7269600d353f70b14ad118a49575455c0f2f,18
0x122a,0x122a86b5dff2d085afb49600b4cd7375d0d94a5f,8
0x6888,0x6888a16ea9792c15a4dcf2f6c623d055c8ede792,18
0x5c74,0x5c743a35e903f6c584514ec617acee0611cf44f3,18
0x358d,0x358d12436080a01a16f711014610f8a4c2c2d233,18
AST,0x27054b13b1b798b345b591a4d22e6562d47ea75a,4
AION,0x4ceda7906a5ed2179785cd3a40a69ee8bc99c466,8
FUN,0x419d0d8bdd9af5e606ae2232ed285aff190e711b,8
0x88c8,0x88c839d62e9d9e21c7ac3af62f1be4fb62c5ac29,18
0x09d8,0x09d8b66c48424324b25754a873e290cae5dca439,18
0x3618,0x3618516f45cd3c913f81f9987af41077932bc40d,8
EBCH,0xafc39788c51f0c1ff7b55317f3e70299e521fff6,8
SCT,0x63b992e6246d88f07fc35a056d2c365e6d441a3d,18
0x9595,0x959529102cfde07b1196bd27adedc196d75f84f6,0
0xb8d8,0xb8d8a92cafaf6c055bce8e53405d90be96d1a677,8
0x08d3,0x08d32b0da63e2c3bcf8019c9c5d849d7a9d791e6,0
0xaa4a,0xaa4ab1c817e4df7d25ce4d42352649d592a3bba0,18
0x2ccb,0x2ccbff3a042c68716ed2a2cb0c544a9f1d1935e1,8
FDX,0x52a7cb918c11a16958be40cba7e31e32a499a465,18
TKN,0xaaaf91d9b90df800df4f55c205fd6989c977e73a,8
1ST,0xaf30d2a7e90d7dc361c8c4585e9bb7d2f6f15bc7,18
DATA,0x0cf0ee63788a0849fe5297f3407f701e122cc023,18
0xcbf0,0xcbf0bcfd862b1322820e01cda064a0684e929d4f,4
XMRG,0x0f598112679b78e17a4a9febc83703710d33489c,8
0x98bd,0x98bde3a768401260e7025faf9947ef1b81295519,18
BCPT,0x1c4481750daa5ff521a2a7490d9981ed46465dbd,18
0x22d5,0x22d583f97c600978a160885172703c750a5209be,8
PT,0x66497a283e0a007ba3974e837784c6ae323447de,18
BITS,0xb72627650f1149ea5e54834b2f468e5d430e67bf,8
BTCM,0xa9aad2dc3a8315caeee5f458b1d8edc31d8467bd,18
AMM,0x8b1f49491477e0fb46a29fef53f1ea320d13c349,6
0x5f2e,0x5f2ec9cf1ec1c0e2c880b6584921e812a4225395,8
VIU,0x519475b31653e46d20cd09f9fdcf3b12bdacb4f5,18
0x92e5,0x92e52a1a235d9a103d970901066ce910aacefd37,8
EALP,0x37256d58e298cacaa82aa0527d56521f1b19e1f5,18
0xfa1a,0xfa1a856cfa3409cfa145fa4e20eb270df3eb21ab,18
0x7058,0x7058f2ae7c1cfda824c39004253c27e2f6d0f1f9,18
0x5b70,0x5b7093fe2491dfb058c94bcd62a1cd4d822f884c,18
CAS,0xbb1b3e8ddded8165d58b0c192d19cd360682b170,2
10MT,0xe701cd3329057aea9d54300ddd05e41b8d74727a,10
0xb63a,0xb63ab8e276e081b9079c3ae520c58061fa4acb45,18
PAYX,0x62a56a4a2ef4d355d34d10fbf837e747504d38d4,2
0xea5f,0xea5f88e54d982cbb0c441cde4e79bc305e5b43bc,18
HGT,0xba2184520a1cc49a6159c57e61e1844e085615b6,8
BTCS,0xd96b9fd7586d9ea24c950d24399be4fb65372fdd,18
RARE,0x5ddab66da218fb05dfeda07f1afc4ea0738ee234,8
EDU,0x5b26c5d0772e5bbac8b3182ae9a13f9bb2d03765,8
0xa8d9,0xa8d9fa245b15bda174ad51e8d02f13539430cf31,18
0x9aa9,0x9aa9f330ab322e8a6f044c46a109b5910fa373ce,18
0xce85,0xce853db3359326db6d03981c9fb42983bbcdd007,2
BTCQ,0xd7aa94f17d60be06414973a45ffa77efd6443f0f,8
0xb810,0xb810ad9007e4f2d9aab2e7181a0385d02437ea6e,18
0x865e,0x865e3707a580f9db89304005cddd050ade8873eb,18
0x254f,0x254f91949d4f57b22392ba0278069cf5a9105f05,6
STU,0x0371a82e4a9d0a4312f3ee2ac9c6958512891372,18
0x9992,0x9992ec3cf6a55b00978cddf2b27bc6882d88d1ec,18
WABI,0x286bda1413a2df81731d4930ce2f862a35a609fe,18
ACE,0x06147110022b768ba8f99a8f385df11a151a9cc8,0
CDT,0x177d39ac676ed1c67a2b268ad7f1e58826e5b0af,18
STAR,0xf70a642bd387f94380ffb90451c2c81d4eb82cbc,18
LCT,0x05c7065d644096a4e4c3fe24af86e36de021074b,18
ETHB,0x3a26746ddb79b1b8e4450e3f4ffe3285a307387e,8
0x17c4,0x17c432e543952f950e8cb05dd5107efe6864d1de,0
LINK,0x514910771af9ca656af840dff83e8264ecf986ca,18
SDRN,0x73b534fb6f07381a29a60b01eed5ae57d4ee24d7,18
VEE,0x340d2bde5eb28c1eed91b2f790723e3b160613b7,18
0x2add,0x2add07c4d319a1211ed6362d8d0fbe5ef56b65f6,18
SNT,0x744d70fdbe2ba4cf95131626614a1763df805b9e,18
GOAL,0x7b69b78cc7fee48202c208609ae6d1f78ce42e13,18
0x225b,0x225b1116b67e4b8069cb12962e1e3bd1fb26af57,8
LUM,0xa89b5934863447f6e4fc53b315a93e873bda69a3,18
0x6871,0x687174f8c49ceb7729d925c3a961507ea4ac7b28,18
BNB,0xb8c77482e45f1f44de1745f52c74426c631bdd52,18
AMB,0x4dc3643dbc642b72c158e7f3d2ff232df61cb6ce,18
VOISE,0x83eea00d838f92dec4d1475697b9f4d3537b56e3,8
R,0x48f775efbe4f5ece6e0df2f7b5932df56823b990,0
DRP2,0x22c10728343e9d49ef25080f74a223878a3d4052,8
0x1d46,0x1d462414fe14cf489c7a21cac78509f4bf8cd7c0,6
PPP,0xc42209accc14029c1012fb5680d95fbd6036e2a0,18
PPT,0xd4fa1460f537bb9085d22c7bccb5dd450ef28e3a,8
DENT,0x3597bfd533a99c9aa083587b074434e61eb0a258,8
0x4cf4,0x4cf488387f035ff08c371515562cba712f9015d4,18
0xfd10,0xfd107b473ab90e8fbd89872144a3dc92c40fa8c9,18
0x3883,0x3883f5e181fccaf8410fa61e12b59bad963fb645,18
0x3635,0x3635e381c67252405c1c0e550973155832d5e490,18
0xc148,0xc14830e53aa344e8c14603a91229a0b925b0b262,8
0x05f4,0x05f4a42e251f2d52b8ed15e9fedaacfcef1fad27,12
BZX,0x70838403ecc194b73e50b70a177b2ef413a2f421,18
0x8d60,0x8d60a9dd4013183a1f5ee7bf5d84e7fe34ce08d6,18
0x910d,0x910dfc18d6ea3d6a7124a6f8b5458f281060fa4c,18
NIO,0x5554e04e76533e1d14c52f05beef6c9d329e1e30,0
REQ,0x8f8221afbb33998d8584a2b05749ba73c37a938a,18
IETH,0x859a9c0b44cb7066d956a958b0b82e54c9e44b4b,8
ZAP,0x6781a0f84c7e9e846dcb84a9a5bd49333067b104,18
RCN,0xf970b8e36e23f7fc3fd752eea86f8be8d83375a6,18
ENJ,0xf629cbd94d3791c9250152bd8dfbdf380e2a3b9c,18
CS,0x12a35383ca24ceb44cdcbbecbeb7baccb5f3754a,6
0xbf18,0xbf18f246b9301f231e9561b35a3879769bb46375,18
0x5732,0x5732046a883704404f284ce41ffadd5b007fd668,18
0x7b05,0x7b05a9901a06e77a8462a5f532f388ad406c78c4,18
0x68d5,0x68d57c9a1c35f63e2c83ee8e49a64e9d70528d25,18
ECASH,0x5d21ef5f25a985380b65c8e943a0082feda0db84,18
0x587c,0x587c549c4113127340ac0f5e996cab7a4f35bb49,8
0x622d,0x622dffcc4e83c64ba959530a5a5580687a57581b,18
JWT,0x0b24fdf35876bbe2a1cc925321b8c301017474d4,18
0xe531,0xe531642e9bb5d027e9c20e03284287b97919a9a5,8
Ripple Track,0xe9f05c55f3e20a77dde6cb2edfd69083fa23d6b8,18
ICN,0x888666ca69e0f178ded6d75b5726cee99a87d698,18
EDO,0xced4e93198734ddaff8492d525bd258d49eb388e,18
LRC,0xef68e7c694f40c8202821edf525de3782458639f,18
EVX,0xf3db5fa2c66b7af3eb0c0b782510816cbe4813b8,4
OAX,0x701c244b988a513c945973defa05de933b23fe1d,18
0x1f21,0x1f21d8395655fb262251897df7cb3c9358bec6a2,8
0x40b0,0x40b04166871d9956f5f261d76d349da8d07f82c3,18
Litecoin Tra,0xcbb4b124bb101b49dec56413ea16cf85d7302bcf,18
SGR,0xcb5a05bef3257613e984c17dbcf039952b6d883f,8
0xe8fc,0xe8fc7e1973496848fcb486c5bb880f68487ea0bb,8
0x4ac0,0x4ac00f287f36a6aad655281fe1ca6798c9cb727b,18
0xbc86,0xbc86727e770de68b1060c91f6bb6945c73e10388,18
0x3fd8,0x3fd8f39a962efda04956981c31ab89fab5fb8bc8,18
LCC,0x9c3a2334d8d7a8b9013c0e572a5bbdfc2fc69063,18
PRG,0x7728dfef5abd468669eb7f9b48a7f70a501ed29d,6
0x12fb,0x12fb5d5802c3b284761d76c3e723ea913877afba,18
0xba9d,0xba9d4199fab4f26efe3551d490e3821486f135ba,8
0xafd8,0xafd8f91c4d7c2e3240f4154a1c596048035eb63c,18
0x6b14,0x6b14c373c24556165002a00cba4174fd96fe28f0,8
ETG,0x28c8d01ff633ea9cd8fc6a451d7457889e698de6,0
0xbc79,0xbc7942054f77b82e8a71ace170e4b00ebae67eb6,18
0x4df4,0x4df47b4969b2911c966506e3592c41389493953b,18
0xc8a8,0xc8a8d2a81cc86b95beb04e5a320d7e53f3c627dd,8
0x9376,0x93765bd8e354192749e40088b3ce765e6e1824c9,6
BTH,0xd5b9a2737c9b2ff35ecb23b884eb039303bbbb61,18
RLC,0x607f4c5bb672230e8672085532f7e901544a7375,9
0x24a7,0x24a77c1f17c547105e14813e517be06b0040aa76,18
AI,0x5121e348e897daef1eef23959ab290e5557cf274,18
0x1bee,0x1beef31946fbbb40b877a72e4ae04a8d1a5cee06,18
0x8b35,0x8b353021189375591723e7384262f45709a3c3dc,18
CASH,0xa8f93faee440644f89059a2c88bdc9bf3be5e2ea,18
BALI,0x013a06558f07d9e6f9a00c95a33f3a0e0255176b,18
0x9ada,0x9adaba9ffda15e3a043c907d390f645147eb532a,18
0xc559,0xc5594d84b996a68326d89fb35e4b89b3323ef37d,18
RCT,0xd6e49800decb64c0e195f791348c1e87a5864fd7,9
CHUCK,0x9c23a568a32e8434ec88bdf60891a1d95ffd36cc,4
NIMFA,0xe26517a9967299453d3f1b48aa005e6127e67210,18
RIPT,0xdd007278b667f6bef52fd0a4c23604aa1f96039a,8
MCO,0xb63b606ac810a52cca15e44bb630fd42d8d1d83d,8
0x5ab4,0x5ab468e962637e4eecd6660f61b5b4a609e66e13,18
0x7cde,0x7cdec53fe4770729dac314756c10e2f37b8d2b2f,8
SOCIAL,0xef25e54e1ae9bfd966b9b5cde6880e7a2323a957,18
0xf833,0xf83301c5cd1ccbb86f466a6b3c53316ed2f8465a,6
0xf26e,0xf26ef5e0545384b7dcc0f297f2674189586830df,18
BCD,0x660b612ec57754d949ac1a09d0c2937a010dee05,6
TSS,0x28481cdc0e4fa79164491d47e8837edeb3993f20,18
OHNI,0x7f2176ceb16dcb648dc924eff617c3dc2befd30d,0
0x81f8,0x81f89694ac96fefd794cb2c8526d2bd8da74b1fb,18
0x05d3,0x05d379b48a8622ae4018309e116420db4a38a225,18
0x9288,0x9288341f4537870fc0069087a44623ff50bdb21d,8
0x168c,0x168c00509e48a605079a17be93f85334ac953ba4,6
SWFTC,0x0bb217e40f8a5cb79adf04e1aab60e5abd0dfc1e,8
0x4794,0x4794b28f59533c52d99028e06878ae7d1e4d1802,2
PNKOLD,0x3485b9566097ad656c70d6ebbd1cd044e2e72d05,0
0x8713,0x8713d26637cf49e1b6b4a7ce57106aabc9325343,18
JADE,0xa6e7172662379f1f4c72108655869abdbb7f7672,5
0x2a09,0x2a093bcf0c98ef744bb6f69d74f2f85605324290,8
0x6b83,0x6b834f43b7f5a1644e0c81caa0246969da23105e,18
NMR,0x1776e1f26f98b1a5df9cd347953a26dd3cb46671,18
MVT,0x3d46454212c61ecb7b31248047fa033120b88668,18
0x9e96,0x9e96604445ec19ffed9a5e8dd7b50a29c899a10c,18
0x940d73c,0x940d73c91db9f82440702f6cc8323a8c60583777,18
0xe6efd46,0xe6efd46eb6cdd73a7fe1e760fa0c25a299755a4b,8
0x1c83501,0x1c83501478f1320977047008496dacbd60bb15ef,18
0xa089273,0xa089273724e07644da9739a708e544800d925115,18
0x7ea4c29,0x7ea4c29d3d37f9b259be610b67b3125c4d095d02,18
0x7f1e2c7,0x7f1e2c7d6a69bf34824d72c53b4550e895c0d8c2,8
0x814cafd,0x814cafd4782d2e728170fda68257983f03321c58,0
0x87611ca,0x87611ca3403a3878dfef0da2a786e209abfc1eff,8
0x877fb81,0x877fb817d5de492d20ec3190a812f6430e8faeba,18
0x887834d,0x887834d3b8d450b6bab109c252df3da286d73ce4,18
0x9e6b2b1,0x9e6b2b11542f2bc52f3029077ace37e8fd838d7f,8
0x90c88cc,0x90c88ccd74e57e016acae8ad1eaa12ecf4c06f33,18
0x91126cf,0x91126cfa7db2983527b0b749cc8a61fdeffedc28,16
0x936f78b,0x936f78b9852d12f5cb93177c1f84fb8513d06263,undefined
0x9375b73,0x9375b738083101617f0642d7dbeaa89e361545e3,0
0x94ffb55,0x94ffb55ce68231c5966ea8dab16a8f066846513f,18
0xa86a0da,0xa86a0da9d05d0771955df05b44ca120661af16de,18
0xb236e24,0xb236e2477b8ed34b203b60e2b88884ee5b31a3c3,8
0xff18dbc,0xff18dbc487b4c2e3222d115952babfda8ba52f5f,18
0x6733d90,0x6733d909e10ddedb8d6181b213de32a30ceac7ed,18
0x68db10e,0x68db10ecc599d9f5e657acdafdbf6449d658bb2d,undefined
0x6978685,0x69786859bc92e0ca82fcfe1bffc502b7bea6a069,4
0x6b0611c,0x6b0611c65b53e72429d799ed512d0da123ac0fb9,8
0x6d5cac3,0x6d5cac36c1ae39f41d52393b7a425d0a610ad9f2,8
0x71f1bc8,0x71f1bc89f38b241f3ebf0d5a013fa2850c63a1d4,8
0x7259fdd,0x7259fddca8d5f0184b3b12aa7e8401964b703a4f,3
0x73dd069,0x73dd069c299a5d691e9836243bcaec9c8c1d8734,8
0x767ba29,0x767ba2915ec344015a7938e3eedfec2785195d05,18
0x7848ae8,0x7848ae8f19671dc05966dafbefbbbb0308bdfabd,undefined
0x7c32db0,0x7c32db0645a259fae61353c1f891151a2e7f8c1e,18
0x84c2c31,0x84c2c31c04339c9938adfe3f8013315c8906f071,18
0x895f5d0,0x895f5d0b8456b980786656a33f21642807d1471c,8
0x8c01ada,0x8c01ada8e708993a891d57d1b3169479a20acb3a,18
0x85a7c57,0x85a7c57a4068280dd1166089a18acf35b4ba11e2,18
0x8f070b1,0x8f070b17dd3953634e9e9c174d0f05396f681bc1,18
0x90b1b77,0x90b1b771d0814d607da104b988efa39288219d62,18
0x9397554,0x9397554c07f687b7a20d13c73350cc283765d509,18
0x93e24ce,0x93e24ce396a9e7d7de4a5bc616cf5fcab0476626,8
0x9501bfc,0x9501bfc48897dceeadf73113ef635d2ff7ee4b97,undefined
0xa017ac5,0xa017ac5fac5941f95010b12570b812c974469c2c,18
0xa119f0f,0xa119f0f5fd06ebadff8883c0f3c40b2d22e7a44f,8
0xa0aa85b,0xa0aa85b54f8a7b09c845f13a09172b08925f3d54,18
0xa4ff5ce,0xa4ff5ce0556f9ff0797ae525ec5ba9b723878a3e,18
0xa5f8fc0,0xa5f8fc0921880cb7342368bd128eb8050442b1a1,18
0xa5fd1a7,0xa5fd1a791c4dfcaacc963d4f73c6ae5824149ea7,undefined
0xa966616,0xa9666166d3c7fd15e874801f99e9ad5bfb70c5cf,18
0xae616e7,0xae616e72d3d89e847f74e8ace41ca68bbf56af79,6
0xafe6051,0xafe60511341a37488de25bef351952562e31fcc1,8
0xb2bfeb7,0xb2bfeb70b903f1baac7f2ba2c62934c7e5b974c4,8
0xb802b24,0xb802b24e0637c2b87d2e8b7784c055bbe921011a,2
0xba71b32,0xba71b32e71a41339aa4ceaa79528535aefe488d8,0
0xc3972ac,0xc3972ac283b3a7a56125674631a5c254f7f373cf,undefined
0xce831af,0xce831af117375e6286eb3c46d696ee3dbf4f4f50,2
0xab6cf87,0xab6cf87a50f17d7f5e1feaf81b6fe9ffbe8ebf84,18
0xd080085,0xd0800859d6f4bc0210b7807e770bc44a9ece7372,18
0xedf2d3e,0xedf2d3e5fb70ead2e6d8fe96845a5e59d52d2044,12
0x0b1724c,0x0b1724cc9fda0186911ef6a75949e9c0d3f0f2f3,8
0x1d9e20e,0x1d9e20e581a5468644fe74ccb6a46278ef377f9e,8
0xce5c603,0xce5c603c78d047ef43032e96b5b785324f753a4f,2
0xdd6bf56,0xdd6bf56ca2ada24c683fac50e37783e55b57af9f,undefined
0xef2e996,0xef2e9966eb61bb494e5375d5df8d67b7db8a780d,0
0xfdde51f,0xfdde51fdfca83be086d6da0ba303fc68db15c5f4,6
0x025abad,0x025abad9e518516fdaafbdcdb9701b37fb7ef0fa,0
0x0af44e2,0x0af44e2784637218dd1d32a322d44e603a8f0c6a,18
0x123ab19,0x123ab195dd38b1b40510d467a6a359b201af056f,8
0x1eab19e,0x1eab19e6623e8cbcafc252e275f5b51c27656faf,8
0x278f5d8,0x278f5d89c85a4ac8aaa39e08444212cbb2546fd2,18
0x33b7a01,0x33b7a018934c6e90fd63189d7c4517f0f776142f,10
0xa701122,0xa701122c1b67220a8b6883d03c8ad67896b12466,8
0xae4191a,0xae4191a7eb25713ac90483ea75828ae8038f94dc,18
0xb45a505,0xb45a50545beeab73f38f31e5973768c421805e5e,18
0xb4f5438,0xb4f5438c3c2a682da351ab6b57edc8530efd67be,4
0xb518d16,0xb518d165398d9057ea8b73096edda5c7754bcd62,18
0xbf4a292,0xbf4a29269bf3a5c351c2af3a9c9ed81b07129ce4,18
0xbfd4a3c,0xbfd4a3c26996dfc9e85a951eb615aac3b84c758b,0
0xc0c2ee1,0xc0c2ee1ce1fed8f6e2764363a36db3dd4cf10022,2
0xc324a2f,0xc324a2f6b05880503444451b8b27e6f9e63287cb,18
0xc3951d7,0xc3951d77737733174152532e8b0f27e2c4e9f0dc,6
0xdc0c222,0xdc0c22285b61405aae01cba2530b6dd5cd328da7,6
0xdded69d,0xdded69d8e28d38d640f6244ab5294f309fd40ce1,8
0xdfe2bd1,0xdfe2bd1d3dcbb97804acf3ee85230e832c4a7b5d,18
0xe755f2f,0xe755f2fa95e47c5588c3037dd38e1268fa5fcecd,18
0xe94327d,0xe94327d07fc17907b4db788e5adf2ed424addff6,18
0xd286603,0xd286603e0f5de621b510a36c78c7616c015656f2,18
0xf4467ca,0xf4467cae19c5a53b9fdcd4ded678826805aa1927,8
0x26d5bd2,0x26d5bd2dfeda983ecd6c39899e69dae6431dffbb,18
0xf94e44d,0xf94e44d8ea46ccd8451d7e15264c6c4a78d3e10f,18
0xfa2632a,0xfa2632a88bd0c11535a38f98a98db8251ccbaa9e,18
0xfb12e3c,0xfb12e3cca983b9f59d90912fd17f8d745a8b2953,0
0x08711d3,0x08711d3b02c8758f2fb3ab4e80228418a7f8e39c,0
0x111111f,0x111111f7e9b1fe072ade438f77e1ce861c7ee4e3,18
0xe30e02f,0xe30e02f049957e2a5907589e06ba646fb2c321ba,8
0x14f37b5,0x14f37b574242d366558db61f3335289a5035c506,3
0x164f64e,0x164f64ef2a44444743c5472fa68fb3784060d286,3
0x179a2e4,0x179a2e413386db620d5b89a18550a3874385f726,5
0x1fc52f1,0x1fc52f1abade452dd4674477d4711951700b3d27,undefined
0x289fe11,0x289fe11c6f46e28f9f1cfc72119aee92c1da50d0,18
0xc596bd0,0xc596bd09d652827b0106292d3e378d5938df4b12,18
0xc63e7b1,0xc63e7b1dece63a77ed7e4aeef5efb3b05c81438d,4
0xc7a4eb6,0xc7a4eb66f982cde71d872398e4d1fc5fc586cb9e,8
0xd230844,0xd2308446536a0bad028ab8c090d62e1ea2a51f24,0
0xe5a219d,0xe5a219d4db92a701e79b6e548803c8ce55138686,18
0x163733b,0x163733bcc28dbf26b41a8cfa83e369b5b3af741b,18
0xe8c5e94,0xe8c5e942b76099c0c6d78271bad3ca002fa7c531,undefined
0xee688d3,0xee688d34c1cc02fc81b2f3f05c489e05d4c0b6ba,1
0xf028ade,0xf028adee51533b1b47beaa890feb54a457f51e89,18
0xd4c435f,0xd4c435f5b09f855c3317c8524cb1f586e42795fa,18
0x2001f2a,0x2001f2a0cf801ecfda622f6c28fb6e10d803d969,8
0xfb4752a,0xfb4752ad1b7153e1dbd2e6662651a11c7fc14083,8
0x0200412,0x0200412995f1bafef0d3f97c4e28ac2515ec1ece,18
0x089a6d8,0x089a6d83282fb8988a656189f1e7a73fa6c1cac2,18
0x10b123f,0x10b123fddde003243199aad03522065dc05827a0,undefined
0x2f5e044,0x2f5e044ad4adac34c8d8df738fac7743eda1409c,18
0x190e569,0x190e569be071f40c704e15825f285481cb74b6cc,12
0x1db1868,0x1db186898bccde66fa64a50e4d81078951a30dbe,18
0x222728c,0x222728c202e7164dfbd127181d46409338c4328e,18
0x22a3d74,0x22a3d74c363379189b6cc059d8fbd888e98df5ec,18
0x23cb17d,0x23cb17d7d079518dbff4febb6efcc0de58d8c984,16
0x468d58d,0x468d58d6a52249844a166d0ef045dbdd7ce0c751,18
0x268b797,0x268b7976e94e84a48bf8b2b57ba34b59ed836a74,8
0x33803ed,0x33803edf44a71b9579f54cd429b53b06c0eeab83,8
0x38c04d4,0x38c04d415f6740c7700185533a64b5f44cbf684c,18
0x415116b,0x415116bad878730f5db008ff381a73222128ad39,18
0x4470bb8,0x4470bb87d77b963a013db939be332f927f2b992e,4
0x4632091,0x4632091b0dd0e0902d1fe0534e16eb7b20328d70,18
0x46eec30,0x46eec301d2d00087145d1588282c182bd1890e5c,16
0x55e7c4a,0x55e7c4a77821d5c50b4570b08f9f92896a25e012,0
0x5cf4e9d,0x5cf4e9dfd975c52aa523fb5945a12235624923dc,0
0x5fb6a84,0x5fb6a842ea587fa8d0486589742ce68ef24834a4,18
0x614ea92,0x614ea929892ea43d3ea2c5e3311b01cc589bad6c,18
0xd65960f,0xd65960facb8e4a2dfcb2c2212cb2e44a02e2a57e,6
0xe25f097,0xe25f0974fea47682f6a7386e4217da70512ec997,18
0xf1d9139,0xf1d9139c6512452db91f25635457b844d7e22b8b,4
0xf2e51e3,0xf2e51e32d1f546423364a040ef1a6d2f05e31482,6
0xf4522ed,0xf4522eda455814d43b003bc1c38501b04d65cc4a,18
0xf7ae0da,0xf7ae0daa230bf3fb3c0e5e01e7a6e0a142c6cf7e,18
0xe256bb0,0xe256bb0b2a3457e54db3a41cf5a8b826aca222a8,18
0x1500205,0x1500205f50bf3fd976466d0662905c9ff254fc9c,4
0x18edc1b,0x18edc1b644839eed61c69e624e96bbd469a2ef52,18
0x2edc6fc,0x2edc6fcc641f0169d54abb842f96f701eae85e4e,18
0x3896874,0x38968746147bbaeb882f356ad9a57594bb158235,8
0x437cf0b,0x437cf0bf53634e3dfa5e3eaff3104004d50fb532,4
0x44830e5,0x44830e5fbe354af3c1c8d405170c08d3bc8a2cd9,8
0x2cfd4c1,0x2cfd4c10c075fa51649744245ec1d0aa3d567e23,8
0x4c382f8,0x4c382f8e09615ac86e08ce58266cc227e7d4d913,6
0x4d11061,0x4d11061ec8f401edc2395b5f439a05eee6ccfa50,18
0x4d829f8,0x4d829f8c92a6691c56300d020c9e0db984cfe2ba,18
0x4dfd2a1,0x4dfd2a190ece60e12977942c858a70644e4b18dd,2
0x4e8d979,0x4e8d979271cc2739d2bbd13b291faa3eb6df1504,18
0x580d697,0x580d69737e11cf2fb306c8fc0161b86f7c9f03ba,3
0x51ee826,0x51ee82641ac238bde34b9859f98f5f311d6e4954,8
0x540449e,0x540449e4d172cd9491c76320440cd74933d5691a,18
0x41104c8,0x41104c8d51a80d9e2969dc23256a352de4b0ec33,18
0x562952c,0x562952c749d05dca4cd004489a153c7ee7e58240,18
0x638ac14,0x638ac149ea8ef9a1286c41b977017aa7359e6cfa,undefined
0x8e10f6b,0x8e10f6bb9c973d61321c25a2b8d865825f4aa57b,18
0x9c1d13d,0x9c1d13d5a8fd4a8ac89917d31d40db454d1ee60b,18
0xc51c938,0xc51c938c4d513780c66c722a41c197d3a89fa9a8,8
0x4532100,0x45321004790a4dae7ba19217a10574d55739efc7,18
0x07d9e49,0x07d9e49ea402194bf48a8276dafb16e4ed633317,8
0x09debe7,0x09debe702678140c1be278213109719fab98d0d8,undefined
0xf62baa1,0xf62baa1997f04f165edd100d78241e07617f6ce6,18
0x4df812f,0x4df812f6064def1e5e029f1ca858777cc98d2d81,8
0x4e279d8,0x4e279d8638e8669fad40e018fc181d26ee780380,8
0x56e7f2c,0x56e7f2cd7d5382506aab084a67d70e603cdb23f7,8
0x57ad67a,0x57ad67acf9bf015e4820fbd66ea1a21bed8852ec,undefined
0x59adcf1,0x59adcf176ed2f6788a41b8ea4c4904518e62b6a4,18
0x74ceda7,0x74ceda77281b339142a36817fa5f9e29412bab85,8
0x5f54c15,0x5f54c1512d036a0dd92744ee0a55ed183dde0484,18
0x8b9c35c,0x8b9c35c79af5319c70dd9a3e3850f368822ed64e,18
0x6b9e807,0x6b9e8076a536459303db301ba4430913a7f14c5a,undefined
0x6f1a769,0x6f1a769952c60b2d03f46419adeda91d87866dab,18
0x6f7a4ba,0x6f7a4bac3315b5082f793161a22e26666d22717f,18
0xac709fc,0xac709fcb44a43c35f0da4e3163b117a17f3770f5,18
0xfcb48fd,0xfcb48fdcc479b38068c06ee94249b1516adf09cb,5
0xca48ac4,0xca48ac42c9cd4ee98813af8945a1024868ee62de,18
0xcbcc0f0,0xcbcc0f036ed4788f63fc0fee32873d6a7487b908,8
0xe4c07f4,0xe4c07f4637df3a0354f9b42a1b3178dc573b8926,0
0xe691b7f,0xe691b7ff3c9fddb8c2437412208ee4816aba7258,18
0x0f5d2fb,0x0f5d2fb29fb7d3cfee444a200298f468908cc942,18
0xfdbc1ad,0xfdbc1adc26f0f8f8606a5d63b7d3a3cd21c22b23,8
0x2c974b2,0x2c974b2d0ba1716e644c1fc59982a89ddd2ff724,18
0xe13ef25,0xe13ef257cf4d5df928ca11d230427c037666d466,undefined
0x6fff380,0x6fff3806bbac52a20e0d79bc538d527f6a22c96b,18
0x8183dc5,0x8183dc52ce1cff90eba453c4a450f3d2d98f0ee3,0
0x8508938,0x85089389c14bd9c77fc2b8f0c3d1dc3363bf06ef,18
0x881ef48,0x881ef48211982d01e2cb7092c915e647cd40d85c,18
0x9b7593a,0x9b7593aae6b48d02668808c2dfbfc4bef35ef957,18
0x9e88613,0x9e88613418cf03dca54d6a2cf6ad934a78c7a17a,18
0xa54ddc7,0xa54ddc7b3cce7fc8b1e3fa0256d0db80d2c10970,18
0xa65ee5f,0xa65ee5fd259d94294c4ef030d1a62eeb465b9438,9
0xa8ba409,0xa8ba4095833a3f924d86cb3941099c1abb75ea13,undefined
0xb98d4c9,0xb98d4c97425d9908e66e53a6fdf673acca0be986,18
0xc4a8656,0xc4a86561cb0b7ea1214904f26e6d50fd357c7986,18
0xc9859fc,0xc9859fccc876e6b4b3c749c5d29ea04f48acb74f,0
0xd024645,0xd024645809f74043cd2133c6afeb46f0de4ad88f,18
0xf244176,0xf244176246168f24e3187f7288edbca29267739b,18
0x03df4c3,0x03df4c372a29376d2c8df33a1b5f001cd8d68b0e,undefined
0x27dce1e,0x27dce1ec4d3f72c3e457cc50354f1f975ddef488,8
0x2f1b8c9,0x2f1b8c9d0a21b747d8ca370f93cb09d3daf222ef,18
0xe7775a6,0xe7775a6e9bcf904eb39da2b68c5efb4f9360e08c,6
0x2f4baef,0x2f4baef93489b09b5e4b923795361a65a26f55e5,8
0x3136ef8,0x3136ef851592acf49ca4c825131e364170fa32b3,undefined
0x6576963,0x6576963107077cce5ec879978c03ec6bb300cc89,8
0x88fcfbc,0x88fcfbc22c6d3dbaa25af478c578978339bde77a,18
0x8bf8bcf,0x8bf8bcf8aba5ecffffd431489fe79dad38023a9b,8
0x944f1a0,0x944f1a04ab8d735acdbc46505c5b283f54289152,18
0x98f5e9b,0x98f5e9b7f0e33956c0443e81bf7deb8b5b1ed545,18
0x9b11b1b,0x9b11b1b271a224a271619f3419b1b080fdec5b4a,18
0x9b70740,0x9b70740e708a083c6ff38df52297020f5dfaa5ee,undefined
0xa2f4fcb,0xa2f4fcb0fde2dd59f7a1873e121bc5623e3164eb,0
0xa94c128,0xa94c128a138504e1f81d727cc21bcb9ae6581015,18
0x31b5e97,0x31b5e97294e1afd6fff6ffe4cba89a344555f753,18
0xc6b0142,0xc6b014274d7406641711fb8889f93f4f11dec810,18
0xd04963d,0xd04963de435bd4d25b1cc8f05870f49edbfc8c18,undefined
0xe2e5d0e,0xe2e5d0e1422e927abab19ad2067f802ad07fb364,18
0xf24d3df,0xf24d3dfffcaf9f9a5dda9c57eeeb1ac0bba49c86,18
0x3dc9a42,0x3dc9a42fa7afe57be03c58fd7f4411b1e466c508,18
0x49aec07,0x49aec0752e68d0282db544c677f6ba407ba17ed7,18
0x50ee674,0x50ee674689d75c0f88e8f83cfe8c4b69e8fd590d,8
0x621d78f,0x621d78f2ef2fd937bfca696cabaf9a779f59b3ed,2
0x64cdf81,0x64cdf819d3e75ac8ec217b3496d7ce167be42e80,18
0x8866d52,0x8866d52303e372c2a2936d8ea09afd87bcbd8cf2,10
0x55648de,0x55648de19836338549130b1af587f16bea46f66b,18
0xab16e0d,0xab16e0d25c06cb376259cc18c1de4aca57605589,4
0xb29678a,0xb29678a4805a7d787dc9589e179d27f7575bb9f7,5
0x6ecccf7,0x6ecccf7ebc3497a9334f4fe957a7d5fa933c5bcc,0
0x623b925,0x623b925b0a57a24ea8de301f2e3e692ce903f0c3,0
0x16b5a0d,0x16b5a0de0520e1964a20ac8ef4034bd7d0920d8f,18
0x0a76aad,0x0a76aad21948ea1ef447d26dee91a54370e151e0,18
0x38d1c39,0x38d1c39c3e85dbf0fc2f2d637a4872530ad07a5f,4
0x399a0e6,0x399a0e6fbeb3d74c85357439f4c8aed9678a5cbf,3
0x3a1bda2,0x3a1bda28adb5b0a812a7cf10a1950c920f79bcd3,18
0xd49ff13,0xd49ff13661451313ca1553fd6954bd1d9b6e02b9,18
0xf04a8ac,0xf04a8ac553fcedb5ba99a64799155826c136b0be,18
0x4fbc28e,0x4fbc28e3b3c1c50ee05dcd66d9fc614a0cb99705,18
0x671abbe,0x671abbe5ce652491985342e85428eb1b07bc6c64,8
0x9a0242b,0x9a0242b7a33dacbe40edb927834f96eb39f8fbcb,18
0xdd41fbd,0xdd41fbd1ae95c5d9b198174a28e04be6b3d1aa27,8
0xe1479d2,0xe1479d294807379320dca9a9e9002ac644539099,18
0xedcd827,0xedcd82784027001d7af57a34501c65a25f97fee4,18
0x149a23f,0x149a23f3d1a1e61e1e3b7eddd27f32e01f9788c7,18
0x86410db,0x86410db4d61c40a8e1df9f859069d5a15896195b,18
0x9541fd8,0x9541fd8b9b5fa97381783783cebf2f5fa793c262,8
0x9901ed1,0x9901ed1e649c4a77c7fff3dfd446ffe3464da747,18
0x9e386da,0x9e386da8cdfcf8b9e7490e3f2a4589c570cb2b2f,8
0x9838770,0x983877018633c0940b183cd38d1b58bee34f7301,undefined
0xdb45fae,0xdb45faeca61c70e271bffeaf66162fa68a1c4def,0
0xdbfb423,0xdbfb423e9bbf16294388e07696a5120e4ceba0c5,18
0xb5a5f22,0xb5a5f22694352c15b00323844ad545abb2b11028,18
0xd6adc5e,0xd6adc5e386d499361ccc5752f791b45132e7e6e4,0
0xd884f98,0xd884f9881e0aeabad79be8a69122cf998d067fff,18
0xd8950fd,0xd8950fdeaa10304b7a7fd03a2fc66bc39f3c711a,18
0xd9a0658,0xd9a0658b7cc9ec0c57e8b20c0920d08f17e747be,10
0xe3fedae,0xe3fedaecd47aa8eab6b23227b0ee56f092c967a9,18
0x705ee96,0x705ee96c1c160842c92c1aecfcffccc9c412e3d9,18
0xfdfe8b7,0xfdfe8b7ab6cf1bd1e3d14538ef40686296c42052,18
0x0ffab58,0x0ffab58ea5a71cc3ca40217706c3c401407fa4a8,18
0xf9c9da0,0xf9c9da0c81fffd491458881410903561d1e40fd0,18
0xfe7b915,0xfe7b915a0baa0e79f85c5553266513f7c1c03ed0,18
0x10b35b3,0x10b35b348fd49966f2baf81df35a511c18bd1f80,7
0x0425cbb,0x0425cbbc5ff784203fe8d82beefa2b02634351f5,18
0x0aef06d,0x0aef06dcccc531e581f0440059e6ffcc206039ee,8
0x0c6c9be,0x0c6c9beeeb5de377210930f09a7ac9a99ff5e981,18
0x1175a66,0x1175a66a5c3343bbf06aa818bb482ddec30858e0,18
0xe8c0967,0xe8c09672cfb9cfce6e2edbb01057d9fa569f97c1,18
0xe99a76d,0xe99a76d5fb19bc419d72f355050045fad88e060f,18
0xf0f8b0b,0xf0f8b0b8dbb1124261fc8d778e2287e3fd2cf4f5,3
0xf99f901,0xf99f901124cbbe180984a247ba94cfba0c764b2e,6
0xfb7da98,0xfb7da9863e030495db8b4d067d665fc8433fff85,18
0x049a5bf,0x049a5bf874f241d94232137ef728a9c7dd0d7550,18
0x08f8117,0x08f8117155aa9414b67113a47ad269d47974e9dc,18
0x1a61250,0x1a61250a2bea646478184730d25648811bd429fe,8
0x1f103fd,0x1f103fd7c4fa908c25387da70ed287b632bd22a2,18
0x202e295,0x202e295df742befa5e94e9123149360db9d9f2dc,8
0x2233799,0x2233799ee2683d75dfefacbcd2a26c78d34b470d,18
0x22f0af8,0x22f0af8d78851b72ee799e05f54a77001586b18a,undefined
0x2405cc1,0x2405cc17ba128bfa7117815e04a4da228013f5bc,8
0x24aef3b,0x24aef3bf1a47561500f9430d74ed4097c47f51f2,4
0x26607f9,0x26607f9bf9d62a37b0c78e1d3719fcd1fa32bef9,18
0x32c785e,0x32c785e4e8477b277fea2ca2301727084d79d933,0
0x37f014c,0x37f014c64d186eaf879c0033846b51924ce42584,0
0x27537ff,0x27537ff4df3081cef9bee9b29cac764067b42611,0
0x4649247,0x46492473755e8df960f8034877f61732d718ce96,undefined
0x4b35e0a,0x4b35e0ab998ebe8414871c13cf778f9d0bbdf609,18
0x52a17ca,0x52a17ca01b9925752aefde41bf80d7b10514e136,15
0x5882d49,0x5882d49d3511e09096cbbab7e19fbfb82f65f28d,18
0x5fb05ff,0x5fb05fffe4be327ab88dacd6ee61e60ddc8958ae,18
0x60200c0,0x60200c0fefc1d0ade1e19a247b703cf3ccdc915a,8
0x63e6343,0x63e634330a20150dbb61b15648bc73855d6ccf07,18
0x25432dd,0x25432dd810730331498c22fbf6b98432e7ef3e66,undefined
0xf152fca,0xf152fca41bd23ff250292af391236db35e0e99c3,8
0x0766e79,0x0766e79a6fd74469733e8330b3b461c0320ff059,18
0xf6b55ac,0xf6b55acbbc49f4524aa48d19281a9a77c54de10f,18
0x153e140,0x153e140548c6bfca761b6a4a45730bd1401c74d2,18
0x044dd17,0x044dd17bbbcbf1cf65f543918561bf8cf8130e7b,undefined
0xfd21968,0xfd219686033da14219142504c7a63ae8a4912134,undefined
0x5afda18,0x5afda18caba69fe3af5e6d56e42e1c9f92c40d77,18
0x181a637,0x181a63746d3adcf356cbc73ace22832ffbb1ee5a,8
0xb3bd49e,0xb3bd49e28f8f832b8d1e246106991e546c323502,18
0x1735fc2,0x1735fc2b89b80d1ae33c35dd55eae7fa7642f336,18
0x17fd666,0x17fd666fa0784885fa1afec8ac624d9b7e72b752,14
0x1b957dc,0x1b957dc4aefeed3b4a2351a6a6d5cbfbba0cecfa,18
0x1ccc29f,0x1ccc29f9ced9d1a5ce81a7262eac8fcd7eca5788,8
0x2160e6c,0x2160e6c0ae8ca7d62fe1f57fc049f8363283ff5f,18
0x24cebc1,0x24cebc1548e698feffb5553b8ac8043b51069faa,12
0x289925d,0x289925d08b07e73dd0dd02d1407c877942215082,18
0xf8fa1a5,0xf8fa1a588cd8cd51c3c4d6dc16d2717f6332e821,2
0x2ca72c9,0x2ca72c9699b92b47272c9716c664cad6167c80b0,18
0x3e250a4,0x3e250a4f78410c29cfc39463a81f14a226690eb4,8
0xc78593c,0xc78593c17482ea5de44fdd84896ffd903972878e,9
0xc87c5dd,0xc87c5dd86a3d567ff28701886fb0745aaa898da4,18
0xc99ddc3,0xc99ddc30bb0cf76b07d90dcb6b267b8352697bef,18
0xd234bf2,0xd234bf2410a0009df9c3c63b610c09738f18ccd7,8
0xe81d72d,0xe81d72d14b1516e68ac3190a46c93302cc8ed60f,18
0x1831887,0x1831887fbabf783910db128e60c41bfa016059d8,18
0x1daaf3d,0x1daaf3d62582639c6a7eabb467e2db9b56fafbbd,18
0x2d9765a,0x2d9765a94ff22e0ca3afc3e3f4b116de2b67582a,16
0x2f85e50,0x2f85e502a988af76f7ee6d83b7db8d6c0a823bf9,8
0x43ee79e,0x43ee79e379e7b78d871100ed696e803e7893b644,undefined
0x494bbaf,0x494bbaf0124285e6ecb4dfd9eac76e18a9bf470f,18
0x4a536c1,0x4a536c1ce7ad7f6e8d2e59135e17aef5ef4dd4e6,3
0x5925f67,0x5925f67d2767d937f47141dac24166b469558222,2
0x4de2573,0x4de2573e27e648607b50e1cfff921a33e4a34405,18
0x4e260e3,0x4e260e3ca268e40133c84b142de73108a7c1ec99,0
0x51c6a6e,0x51c6a6ef1352578ff01b078313e6779b88bdcb1e,18
0x44e6d9a,0x44e6d9ae9053a16e9311fd9702291c5516804359,0
0x52f7018,0x52f7018bc6ba4d24abfbaefccae4617bfb0a0b52,undefined
0x550879f,0x550879f1778b575ddc8eb2095fbc9f4783b5f2f6,8
0x55a0dd2,0x55a0dd2f1b1d8034894c99507b6439eca479cf62,18
0x55c2a0c,0x55c2a0c171d920843560594de3d6eecc09efc098,4
0x569cbdc,0x569cbdcc684edcc589939cc8f6b96e6abd9eb0f3,6
0x5ca71ea,0x5ca71ea65acb6293e71e62c41b720698b0aa611c,undefined
0x64ff248,0x64ff248ddd36430e3640fbea76999941a8bccbd7,18
0x697beac,0x697beac28b09e122c4332d163985e8a73121b97f,8
0x9d5b592,0x9d5b592b687c887a5a34df5f9207adb2c2db3aec,18
0xff603f4,0xff603f43946a3a28df5e6a73172555d8c8b02386,18
0x01a28ad,0x01a28adc0edd796b570ec4da734e1aa809f6f1fc,18
0x13ea82d,0x13ea82d5e1a811f55bda9c86fdd6195a6bd23aed,8
0x10c0337,0x10c0337c42843e0b8ce743d7d5ff39b711f3ad82,18
0x255aa6d,0x255aa6df07540cb5d3d297f0d0d4d84cb52bc8e6,18
0x8f0921f,0x8f0921f30555624143d427b340b1156914882c10,18
0x9720b46,0x9720b467a710382a232a32f540bdced7d662a10b,18
0xea1f346,0xea1f346faf023f974eb5adaf088bbcdf02d761f4,18
0xecd570b,0xecd570bbf74761b960fa04cc10fe2c4e86ffda36,8
0xc499ea9,0xc499ea948a1ad5d8eaf12abd2f67975c4dbe21aa,18
0xce59d29,0xce59d29b09aae565feeef8e52f47c3cd5368c663,18
0xd3e2f9d,0xd3e2f9dfff5a6feeece5dbcee3b86cb375fd8c98,8
0xd5f788c,0xd5f788ca0de8f17cbde1d1e35aa8f005a87fa00b,8
0xd819e89,0xd819e892f4df8659188e8bda839fdf2215a513bc,18
0xf444cd9,0xf444cd92e09cc8b2a23cd2eecb3c1e4cc8da6958,9
0x24021d3,0x24021d38db53a938446ecb0a31b1267764d9d63d,18
0x01afc37,0x01afc37f4f85babc47c0e2d0eababc7fb49793c8,18
0xc9b89f6,0xc9b89f6b5301f554b9adc6d4a871c3279820de40,18
0x1d10997,0x1d10997e92011398a20612f9ee87e33449bc1fe4,18
